gender,firstname,lastname,email,cell,img,info
male,scott,bell,scott.bell@example.com,(669)-528-2829,https://randomuser.me/api/portraits/thumb/men/71.jpg,"Lorem ipsum dolor sit amet, consectetur adipiscing elit, sed do eiusmod tempor incididunt ut labore et dolore magna aliqua. Posuere lorem ipsum dolor sit amet consectetur adipiscing elit duis. Id aliquet risus feugiat in ante metus dictum at."
female,nevaeh,jones,nevaeh.jones@example.com,(659)-491-5991,https://randomuser.me/api/portraits/thumb/women/78.jpg,Tortor at auctor urna nunc id cursus metus. Arcu cursus vitae congue mauris rhoncus aenean vel elit scelerisque. Proin sagittis nisl rhoncus mattis rhoncus urna neque viverra. Id consectetur purus ut faucibus.
male,frank,mitchelle,frank.mitchelle@example.com,(328)-207-4059,https://randomuser.me/api/portraits/thumb/men/32.jpg,Ipsum faucibus vitae aliquet nec ullamcorper. Dolor magna eget est lorem ipsum dolor. Mauris in aliquam sem fringilla ut morbi tincidunt. Orci ac auctor augue mauris.
female,julie,king,julie.king@example.com,(251)-291-7137,https://randomuser.me/api/portraits/thumb/women/5.jpg,Eget magna fermentum iaculis eu non diam phasellus vestibulum. Sapien pellentesque habitant morbi tristique senectus et netus et malesuada. Cursus risus at ultrices mi tempus imperdiet nulla malesuada pellentesque.
female,christine,moore,christine.moore@example.com,(329)-848-9994,https://randomuser.me/api/portraits/thumb/women/33.jpg,Habitasse platea dictumst vestibulum rhoncus est pellentesque elit ullamcorper. Aenean sed adipiscing diam donec adipiscing tristique risus. Cras fermentum odio eu feugiat pretium nibh ipsum consequat.
female,kylie,austin,kylie.austin@example.com,(249)-393-2827,https://randomuser.me/api/portraits/thumb/women/86.jpg,Bibendum ut tristique et egestas quis ipsum suspendisse ultrices gravida. Enim ut sem viverra aliquet eget sit amet tellus. In eu mi bibendum neque egestas congue quisque egestas.
female,mildred,walker,mildred.walker@example.com,(224)-074-1686,https://randomuser.me/api/portraits/thumb/women/6.jpg,Ut tortor pretium viverra suspendisse potenti. Magna fringilla urna porttitor rhoncus dolor purus non enim.
female,vicki,marshall,vicki.marshall@example.com,(708)-479-7835,https://randomuser.me/api/portraits/thumb/women/5.jpg,Lorem ipsum dolor sit amet consectetur adipiscing elit. Turpis egestas sed tempus urna et pharetra pharetra. Egestas sed sed risus pretium.
male,bryan,torres,bryan.torres@example.com,(517)-324-3030,https://randomuser.me/api/portraits/thumb/men/18.jpg,Nisi vitae suscipit tellus mauris a diam maecenas sed enim. Dis parturient montes nascetur ridiculus mus. Et netus et malesuada fames ac turpis egestas. Fusce ut placerat orci nulla pellentesque dignissim enim sit amet.
male,edward,baker,edward.baker@example.com,(511)-479-9467,https://randomuser.me/api/portraits/thumb/men/42.jpg,Suspendisse interdum consectetur libero id faucibus nisl tincidunt. Aenean et tortor at risus viverra adipiscing at in tellus.
male,juan,kuhn,juan.kuhn@example.com,(244)-434-6900,https://randomuser.me/api/portraits/thumb/men/50.jpg,Massa enim nec dui nunc mattis enim ut. Urna id volutpat lacus laoreet. Urna nunc id cursus metus aliquam eleifend. Sed vulputate mi sit amet mauris commodo.
female,cassandra,sims,cassandra.sims@example.com,(299)-328-4681,https://randomuser.me/api/portraits/thumb/women/49.jpg,Dictumst vestibulum rhoncus est pellentesque. Nunc scelerisque viverra mauris in aliquam sem. Semper eget duis at tellus at urna condimentum. Dui nunc mattis enim ut tellus elementum. Vitae congue mauris rhoncus aenean vel.
female,jeanette,grant,jeanette.grant@example.com,(104)-998-2442,https://randomuser.me/api/portraits/thumb/women/46.jpg,Neque laoreet suspendisse interdum consectetur libero. Nisi scelerisque eu ultrices vitae. Sed elementum tempus egestas sed sed risus.
female,lynn,warren,lynn.warren@example.com,(291)-581-1174,https://randomuser.me/api/portraits/thumb/women/89.jpg,Sed lectus vestibulum mattis ullamcorper velit. Maecenas ultricies mi eget mauris pharetra. Dolor sit amet consectetur adipiscing elit ut.
female,colleen,castro,colleen.castro@example.com,(455)-284-4514,https://randomuser.me/api/portraits/thumb/women/95.jpg,Porta lorem mollis aliquam ut porttitor. Eget nullam non nisi est sit amet. Hendrerit dolor magna eget est lorem. Eget mi proin sed libero enim sed faucibus. Dui id ornare arcu odio ut sem.
female,amy,morgan,amy.morgan@example.com,(321)-701-0057,https://randomuser.me/api/portraits/thumb/women/66.jpg,Purus sit amet luctus venenatis lectus. Eget velit aliquet sagittis id consectetur purus ut faucibus. Neque ornare aenean euismod elementum nisi quis eleifend quam.
male,adrian,bowman,adrian.bowman@example.com,(456)-373-4489,https://randomuser.me/api/portraits/thumb/men/1.jpg,Ornare aenean euismod elementum nisi. Dignissim sodales ut eu sem. Imperdiet nulla malesuada pellentesque elit eget gravida cum.
male,alberto,pena,alberto.pena@example.com,(407)-500-5379,https://randomuser.me/api/portraits/thumb/men/99.jpg,Duis convallis convallis tellus id interdum velit laoreet id. Sit amet nulla facilisi morbi. Ipsum a arcu cursus vitae congue mauris.
male,dan,larson,dan.larson@example.com,(208)-418-9476,https://randomuser.me/api/portraits/thumb/men/72.jpg,Adipiscing elit pellentesque habitant morbi tristique senectus et. Tellus integer feugiat scelerisque varius morbi enim nunc. Justo donec enim diam vulputate ut.
male,ross,diaz,ross.diaz@example.com,(142)-008-0589,https://randomuser.me/api/portraits/thumb/men/51.jpg,Amet volutpat consequat mauris nunc congue nisi vitae suscipit tellus. Id porta nibh venenatis cras sed felis eget velit aliquet. Ullamcorper malesuada proin libero nunc consequat interdum varius sit.
male,elijah,harper,elijah.harper@example.com,(772)-559-7171,https://randomuser.me/api/portraits/thumb/men/84.jpg,Egestas congue quisque egestas diam in arcu cursus. Gravida arcu ac tortor dignissim convallis. Massa id neque aliquam vestibulum morbi blandit cursus.
male,jimmy,graves,jimmy.graves@example.com,(135)-555-1461,https://randomuser.me/api/portraits/thumb/men/97.jpg,Non tellus orci ac auctor augue mauris augue neque. Nibh ipsum consequat nisl vel. Augue ut lectus arcu bibendum at varius vel pharetra vel.
male,milton,soto,milton.soto@example.com,(875)-900-9457,https://randomuser.me/api/portraits/thumb/men/85.jpg,Sapien eget mi proin sed libero enim. Sem nulla pharetra diam sit amet nisl. Purus faucibus ornare suspendisse sed.
male,ryan,matthews,ryan.matthews@example.com,(305)-181-0489,https://randomuser.me/api/portraits/thumb/men/9.jpg,Ut porttitor leo a diam sollicitudin tempor id eu. Augue eget arcu dictum varius. Urna nec tincidunt praesent semper feugiat. Amet volutpat consequat mauris nunc.
male,leslie,hunter,leslie.hunter@example.com,(475)-131-6700,https://randomuser.me/api/portraits/thumb/men/31.jpg,Massa tempor nec feugiat nisl pretium fusce id velit. Ac turpis egestas maecenas pharetra convallis posuere morbi leo urna.
female,isobel,horton,isobel.horton@example.com,(700)-696-9889,https://randomuser.me/api/portraits/thumb/women/44.jpg,Id porta nibh venenatis cras sed felis eget. Etiam non quam lacus suspendisse. Sit amet mauris commodo quis imperdiet massa tincidunt.
male,john,andrews,john.andrews@example.com,(066)-426-3193,https://randomuser.me/api/portraits/thumb/men/24.jpg,Massa sapien faucibus et molestie ac feugiat sed. Tortor condimentum lacinia quis vel eros donec ac. Senectus et netus et malesuada fames ac turpis.
male,kevin,shelton,kevin.shelton@example.com,(844)-728-7904,https://randomuser.me/api/portraits/thumb/men/6.jpg,Enim nec dui nunc mattis enim ut tellus. Diam in arcu cursus euismod quis viverra nibh. Mattis aliquam faucibus purus in massa tempor nec.
male,tony,reyes,tony.reyes@example.com,(224)-088-2741,https://randomuser.me/api/portraits/thumb/men/81.jpg,Velit aliquet sagittis id consectetur purus ut faucibus pulvinar elementum. Ac auctor augue mauris augue neque gravida. Mauris sit amet massa vitae tortor.
female,heather,parker,heather.parker@example.com,(462)-471-3151,https://randomuser.me/api/portraits/thumb/women/2.jpg,Quam pellentesque nec nam aliquam sem et tortor consequat id. Risus nec feugiat in fermentum posuere. Amet risus nullam eget felis eget nunc lobortis.
female,connie,kennedy,connie.kennedy@example.com,(369)-607-8921,https://randomuser.me/api/portraits/thumb/women/68.jpg,Nulla facilisi cras fermentum odio eu. Sapien faucibus et molestie ac feugiat sed lectus vestibulum. Tempor orci dapibus ultrices in iaculis nunc sed. Magnis dis parturient montes nascetur ridiculus mus.
female,penny,miller,penny.miller@example.com,(214)-966-7048,https://randomuser.me/api/portraits/thumb/women/82.jpg,Elementum nisi quis eleifend quam adipiscing vitae proin sagittis. Quisque non tellus orci ac auctor augue mauris. Eget dolor morbi non arcu risus.
female,georgia,tucker,georgia.tucker@example.com,(251)-111-5423,https://randomuser.me/api/portraits/thumb/women/69.jpg,Sed vulputate mi sit amet mauris commodo quis imperdiet massa. Lectus mauris ultrices eros in cursus turpis massa tincidunt dui.
male,jared,morales,jared.morales@example.com,(176)-968-4648,https://randomuser.me/api/portraits/thumb/men/12.jpg,Sit amet massa vitae tortor condimentum lacinia quis vel eros. Pellentesque diam volutpat commodo sed egestas egestas fringilla. Lorem ipsum dolor sit amet.
female,terry,fleming,terry.fleming@example.com,(177)-964-1940,https://randomuser.me/api/portraits/thumb/women/86.jpg,Nisl suscipit adipiscing bibendum est ultricies integer quis. Pulvinar mattis nunc sed blandit libero volutpat sed cras. Dolor sed viverra ipsum nunc aliquet. Neque sodales ut etiam sit amet nisl purus.
female,olivia,dixon,olivia.dixon@example.com,(848)-292-2300,https://randomuser.me/api/portraits/thumb/women/77.jpg,Purus non enim praesent elementum facilisis. Mauris cursus mattis molestie a iaculis. Orci eu lobortis elementum nibh tellus molestie nunc.
male,jesse,andrews,jesse.andrews@example.com,(225)-974-5118,https://randomuser.me/api/portraits/thumb/men/76.jpg,Orci eu lobortis elementum nibh tellus molestie nunc. Nunc eget lorem dolor sed viverra ipsum nunc. Quis varius quam quisque id diam vel quam.
female,anne,morrison,anne.morrison@example.com,(971)-043-3240,https://randomuser.me/api/portraits/thumb/women/34.jpg,Vulputate mi sit amet mauris commodo quis imperdiet massa. Dictum at tempor commodo ullamcorper a lacus vestibulum sed. Nullam non nisi est sit amet facilisis magna etiam. Pretium fusce id velit ut tortor.
male,ron,gibson,ron.gibson@example.com,(494)-469-6341,https://randomuser.me/api/portraits/thumb/men/16.jpg,Mauris pellentesque pulvinar pellentesque habitant morbi tristique senectus. In dictum non consectetur a erat.
female,maxine,fowler,maxine.fowler@example.com,(941)-329-5399,https://randomuser.me/api/portraits/thumb/women/0.jpg,Senectus et netus et malesuada fames ac turpis egestas. Molestie ac feugiat sed lectus.
male,brian,jimenez,brian.jimenez@example.com,(888)-834-2040,https://randomuser.me/api/portraits/thumb/men/71.jpg,In dictum non consectetur a erat. Pretium viverra suspendisse potenti nullam ac tortor vitae purus. Tristique senectus et netus et malesuada fames ac. Nulla malesuada pellentesque elit eget gravida.
male,clifford,adams,clifford.adams@example.com,(860)-338-4105,https://randomuser.me/api/portraits/thumb/men/17.jpg,Sit amet nulla facilisi morbi tempus. Non blandit massa enim nec dui. Et netus et malesuada fames ac turpis. Egestas sed sed risus pretium quam vulputate dignissim suspendisse.
male,ruben,romero,ruben.romero@example.com,(750)-843-7778,https://randomuser.me/api/portraits/thumb/men/74.jpg,At urna condimentum mattis pellentesque id nibh tortor id aliquet. Semper viverra nam libero justo laoreet.
male,keith,fleming,keith.fleming@example.com,(726)-845-9496,https://randomuser.me/api/portraits/thumb/men/60.jpg,Lectus magna fringilla urna porttitor rhoncus dolor. Tellus in metus vulputate eu scelerisque felis imperdiet. Turpis egestas integer eget aliquet nibh praesent.
female,beatrice,harvey,beatrice.harvey@example.com,(463)-180-4242,https://randomuser.me/api/portraits/thumb/women/32.jpg,Duis convallis convallis tellus id interdum velit laoreet. Placerat orci nulla pellentesque dignissim enim sit amet. Fermentum posuere urna nec tincidunt praesent semper feugiat nibh.
female,gladys,rose,gladys.rose@example.com,(786)-246-4003,https://randomuser.me/api/portraits/thumb/women/53.jpg,Donec massa sapien faucibus et molestie ac feugiat sed. Proin fermentum leo vel orci porta non pulvinar neque laoreet. Sed cras ornare arcu dui vivamus arcu felis bibendum ut.
male,fred,austin,fred.austin@example.com,(417)-536-6421,https://randomuser.me/api/portraits/thumb/men/43.jpg,Pharetra et ultrices neque ornare aenean euismod elementum nisi. Non odio euismod lacinia at quis risus sed vulputate. Tellus mauris a diam maecenas.
male,douglas,kelley,douglas.kelley@example.com,(446)-791-8420,https://randomuser.me/api/portraits/thumb/men/67.jpg,Dictum sit amet justo donec enim diam. Felis donec et odio pellentesque. Tellus mauris a diam maecenas sed enim ut.
female,marjorie,peck,marjorie.peck@example.com,(000)-536-8533,https://randomuser.me/api/portraits/thumb/women/95.jpg,Viverra justo nec ultrices dui sapien eget. Interdum velit euismod in pellentesque massa placerat duis ultricies lacus. Adipiscing elit pellentesque habitant morbi tristique senectus et.
female,serenity,gardner,serenity.gardner@example.com,(293)-538-2953,https://randomuser.me/api/portraits/thumb/women/18.jpg,Tempus urna et pharetra pharetra massa massa ultricies. Nunc sed augue lacus viverra. Scelerisque eu ultrices vitae auctor eu augue ut. Lacinia quis vel eros donec ac odio.